<keymap version="1" name="Windows copy" parent="$default">
  <action id="$Cut">
    <keyboard-shortcut first-keystroke="ctrl x" />
  </action>
  <action id="CommentByLineComment">
    <keyboard-shortcut first-keystroke="ctrl semicolon" />
  </action>
  <action id="DomCollectionControl.Add" />
  <action id="DomElementsTreeView.AddElement" />
  <action id="EditorCut">
    <keyboard-shortcut first-keystroke="ctrl x" />
  </action>
  <action id="EditorDeleteLine">
    <keyboard-shortcut first-keystroke="ctrl y" />
    <keyboard-shortcut first-keystroke="shift delete" />
  </action>
  <action id="EditorDuplicate">
    <keyboard-shortcut first-keystroke="ctrl d" />
    <keyboard-shortcut first-keystroke="shift alt down" />
  </action>
  <action id="EditorToggleInsertState" />
  <action id="MoveLineDown">
    <keyboard-shortcut first-keystroke="ctrl alt down" />
  </action>
  <action id="MoveLineUp">
    <keyboard-shortcut first-keystroke="ctrl alt up" />
  </action>
  <action id="NextOccurence" />
  <action id="PreviousOccurence" />
  <action id="SurroundWith">
    <keyboard-shortcut first-keystroke="ctrl alt t" />
    <keyboard-shortcut first-keystroke="insert" />
  </action>
  <action id="UsageView.Include" />
  <action id="XDebugger.NewWatch" />
</keymap>