<toolSet name="External Tools">
  <tool name="JBOSS eFisco" showInMainMenu="false" showInEditor="false" showInProject="false" showInSearchPopup="false" disabled="false" useConsole="true" showConsoleOnStdOut="false" showConsoleOnStdErr="false" synchronizeAfterRun="true">
    <exec>
      <option name="COMMAND" value="C:\ambiente\ferramentas\java\jboss\jboss-eap-6.4\bin\standalone.bat" />
      <option name="PARAMETERS" value="-b 0.0.0.0 --server-config=standalone-full.xml -Duser.language=pt -Duser.country=BR -Dfile.encoding=UTF-8 -Dorg.jboss.as.logging.per-deployment=false -Djsse.enableSNIExtension=false -Djboss.server.base.dir=C:\ambiente\ferramentas\java\jboss\jboss-eap-6.4\efisco" />
      <option name="WORKING_DIRECTORY" value="C:/ambiente/ferramentas/java/jboss/jboss-eap-6.4/bin" />
    </exec>
  </tool>
  <tool name="TOMCAT" showInMainMenu="false" showInEditor="false" showInProject="false" showInSearchPopup="false" disabled="false" useConsole="true" showConsoleOnStdOut="false" showConsoleOnStdErr="false" synchronizeAfterRun="true">
    <exec>
      <option name="COMMAND" value="C:\ambiente\ferramentas\java\apache-tomcat-9.0.31\bin\catalina.bat" />
      <option name="PARAMETERS" value="jpda run" />
      <option name="WORKING_DIRECTORY" value="C:/ambiente/ferramentas/java/apache-tomcat-9.0.31/bin" />
    </exec>
  </tool>
</toolSet>